n Powell" <powell.269@wright.edu
"Zayd Abushamma" <abushamma.5@wright.edu
"Kyle Reigelsperger" <reigelsperger.20@wright.edu
"Hassanullah Khan" <khan.143@wright.edu
"Ali Aljaffer" <aljaffer.3@wright.edu
"Evan Mann" <mann.103@wright.edu
"Brandon Dunson" <dunson.31@wright.edu
"Abby Suel" <suel.6@wright.edu
"Moses Otuvedo" <otuvedo.3@wright.edu
"Ryan Coy" <coy.36@wright.edu
"Caleb Mink" <mink.17@wright.edu
"Aidan Ervine" <ervine.5@wright.edu
"Ava McIntosh" <mcintosh.84@wright.edu
"Brandie Ewing" <ewing.74@wright.edu
"Riyam Hameed" <hameed.10@wright.edu
"Abdulrahman Mislat A Albaqami" <albuqami.2@wright.edu
"Joshua Bodey" <bodey.9@wright.edu
"Brennan Burke" <burke.140@wright.edu
"Jenessa Sparks" <sparks.109@wright.edu
"Bryon Smith" <smith.2953@wright.edu
"Dorian Earl" <earl.18@wright.edu
"Eloi Bocomehounou" <bocomehounou.2@wright.edu
"Bryce Fox" <fox.216@wright.edu
"Harsha Vardhan Bojanki" <bojanki.2@wright.edu
"Kesean Minor" <minor.39@wright.edu
"Romel Miller" <miller.1777@wright.edu
"Seth Davis" <davis.1350@wright.edu
"Lukas Bishop" <bishop.123@wright.edu
"Alexander Schuler" <schuler.28@wright.edu
"Trevor Hollack" <hollack.2@wright.edu
"Aiden Cox" <cox.378@wright.edu
"Joe Asbill" <asbill.2@wright.edu
"Natalie Zeretzke" <zeretzke.2@wright.edu
"Shepard Garrett" <garrett.145@wright.edu
"Tyler Polston" <polston.7@wright.edu
"Mason Moore" <moore.986@wright.edu
"Marcus Gigandet" <gigandet.16@wright.edu
"Brayden Granger" <granger.24@wright.edu
"Andrew Glass" <glass.77@wright.edu
"Aidan Shearer" <shearer.23@wright.edu
"Owen Hill" <hill.587@wright.edu
"Alexander Spanos" <spanos.4@wright.edu
"Deaf Services" <ods-deafservices@wright.edu
"Mark Harshbarger" <harshbarger.26@wright.edu
"Jalen Watson" <watson.243@wright.edu
"Eric Nichols" <nichols.160@wright.edu
"Aliana Squires" <squires.8@wright.edu
"Ismail Mirzayev" <mirzayev.4@wright.edu
"Mouhammed Mbengue" <mbengue.3@wright.edu
"Joshua Williams" <williams.1859@wright.edu
"Collin Campbell" <campbell.563@wright.edu
"Ink Oren" <oren.7@wright.edu
"Michael Albright" <albright.34@wright.edu
"Tylar Gossett" <gossett.25@wright.edu
"Hunter Culp" <culp.30@wright.edu
"Benjamin Edwards" <edwards.416@wright.edu
"Jaden Pankake" <pankake.2@wright.edu
"Lennox Baxter" <baxter.54@wright.edu
"Elijah Calhoun" <calhoun.71@wright.edu
"Alec Porter" <porter.223@wright.edu
"Evelyn Underwood" <underwood.94@wright.edu
"Michael Zimmer" <zimmer.44@wright.edu
"Hunter Mcintosh" <mcintosh.87@wright.edu
"Nitin Kamboj" <kamboj.8@wright.edu
"Rose Taylor" <taylor.940@wright.edu
"Ryan Kocher-harper" <kocher-harper.2@wright.edu
"Ndeye Mareme Lo" <lo.12@wright.edu
"Hezekiah Dennis" <dennis.106@wright.edu
"Tyler Ousley" <ousley.4@wright.edu
"Christof Archer" <archer.50@wright.edu
"Pierceton Shell" <shell.37@wright.edu
"Ethan Weldy" <weldy.11@wright.edu
"Nicholas Pontious" <pontious.4@wright.edu
"Shapiy Sagiev" <sagiev.3@wright.edu
"Rylan Cheetham" <cheetham.4@wright.edu
